{
    "m4_shoot": {
      "sounds": [
        "suit/m4_shoot"
      ],
      "category": "player"
    },
      "johnny_transformation": {
        "sounds": [
          "suit/johnny_transformation"
        ],
        "category": "player"
      },
      "cyberpunk_prowl_theme": {
        "sounds": [
          "suit/cyberpunk_prowl_theme"
        ],
        "category": "player"
      },
      "cyberpunk_prowl_theme_sped_up": {
        "sounds": [
          "suit/cyberpunk_prowl_theme_sped_up"
        ],
        "category": "player"
      },
      "getbackhereshocker": {
        "sounds": [
          "suit/getbackhereshocker"
        ],
        "category": "player"
      },
      "shockeeerrrr": {
        "sounds": [
          "suit/shockeeerrrr"
        ],
        "category": "player"
      }
  }