{
    "uk_anthem": {
      "sounds": [
        "suit/uk_anthem"
      ],
      "category": "player"
    },
    "ameican_anthem": {
      "sounds": [
        "suit/american_anthem"
      ],
      "category": "player"
    },
    "m4_shoot": {
      "sounds": [
        "suit/m4_shoot"
      ],
      "category": "player"
    },
      "johnny_transformation": {
        "sounds": [
          "suit/johnny_transformation"
        ],
        "category": "player"
      },
      "getbackhereshocker": {
        "sounds": [
          "suit/getbackhereshocker"
        ],
        "category": "player"
      },
      "shockeeerrrr": {
        "sounds": [
          "suit/shockeeerrrr"
        ],
        "category": "player"
      },
      "thunder_sound": {
        "sounds": [
          "suit/thunder_sound"
        ],
        "category": "player"
      },
      "angry_beam": {
        "sounds": [
          "suit/angry_beam"
        ],
        "category": "player"
      },
      "hard_landing": {
        "sounds": [
          "suit/hard_landing"
        ],
        "category": "player"
      },
      "cold_breath": {
        "sounds": [
          "suit/cold_breath"
        ],
        "category": "player"
      },
      "sentry_quote": {
      "sounds": [
        "suit/sentry_quote"
      ],
      "category": "player"
    },
    "dante_theme": {
      "sounds": [
        "suit/dante_theme"
      ],
      "category": "player"
    },
    "vergil_theme": {
      "sounds": [
        "suit/vergil_theme"
      ],
      "category": "player"
    },
    "heavy_slash": {
      "sounds": [
        "suit/heavy_slash"
      ],
      "category": "player"
    }
  }