{
    "m4_shoot": {
      "sounds": [
        "suit/m4_shoot"
      ],
      "category": "player"
    },
      "johnny_transformation": {
        "sounds": [
          "suit/johnny_transformation"
        ],
        "category": "player"
      },
      "getbackhereshocker": {
        "sounds": [
          "suit/getbackhereshocker"
        ],
        "category": "player"
      },
      "shockeeerrrr": {
        "sounds": [
          "suit/shockeeerrrr"
        ],
        "category": "player"
      },
      "thunder_sound": {
        "sounds": [
          "suit/thunder_sound"
        ],
        "category": "player"
      },
      "angry_beam": {
        "sounds": [
          "suit/angry_beam"
        ],
        "category": "player"
      },
      "hard_landing": {
        "sounds": [
          "suit/hard_landing"
        ],
        "category": "player"
      }
  }