{
  "mjolnir/flight_enable": {
      "category": "player",
      "sounds": [
        "suit/thor/flight_enable"
      ]
    },
    "mjolnir/flight_disable": {
      "category": "player",
      "sounds": [
        "suit/thor/flight_disable"
      ]
    },
    "mjolnir/thunder_transform": {
      "category": "player",
      "sounds": [
        "suit/mjolnir/thunder_transformation"
      ]
    },
    "mjolnir/super_jump": {
      "category": "player",
      "sounds": [
        "suit/mjolnir/super_jump"
      ]
    },
    "mjolnir/charged_leap": {
      "category": "player",
      "sounds": [
        "suit/thor/charged_leap"
      ]
    },
    "mjolnir/thunder_runble_loop": {
      "category": "player",
      "sounds": [
        "suit/mjolnir/thunder_rumble_loop"
      ]
    },
    "mjolnir/spin_loop": {
      "category": "player",
      "sounds": [
        "suit/mjolnir/spin_loop"
      ]
    },
    "mjolnir/landing": {
      "category": "player",
      "sounds": [
        "suit/mjolnir/landing"
      ]
    },
    "mjolnir/hit": {
      "category": "player",
      "sounds": [
        "suit/mjolnir/mjolnir/hit_1",
        "suit/mjolnir/mjolnir/hit_2",
        "suit/mjolnir/mjolnir/hit_3",
        "suit/mjolnir/mjolnir/hit_4"
      ]
    },
    "mjolnir/flicker_loop": {
      "category": "player",
      "sounds": [
        "suit/mjolnir/flicker_loop"
      ]
    },
    "mjolnir/lightning_shoot": {
      "category": "player",
      "sounds": [
        "suit/mjolnir/lightning_shoot"
      ]
    },
    "mjolnir/charged_beam_shoot": {
      "category": "player",
      "sounds": [
        "suit/mjolnir/charged_beam_shoot"
      ]
    },
    "mjolnir/charged_beam_loop": {
      "category": "player",
      "sounds": [
        "suit/mjolnir/charged_beam_loop"
      ]
    },
    "mjolnir/charged_beam_stop": {
      "category": "player",
      "sounds": [
        "suit/mjolnir/charged_beam_stop"
      ]
    },
    "theme/filipe_theme": {
      "category": "player",
      "sounds": [
        "suit/theme/filipe_theme"
      ]
    },
    "ora_ora_ora": {
      "sounds": [
        "suit/ora_ora_ora"
      ],
      "category": "player"
    },
    "fisk_super_punch": {
      "sounds": [
        "suit/fisk_super_punch"
      ],
      "category": "player"
    },
    "star_finger_shoot": {
      "sounds": [
        "suit/star_finger_shoot"
      ],
      "category": "player"
    },
    "star_finger_start": {
      "sounds": [
        "suit/star_finger_start"
      ],
      "category": "player"
    },
    "time_start_jojo": {
      "sounds": [
        "suit/time_start_jojo"
      ],
      "category": "player"
    },
    "time_stop_jojo": {
      "sounds": [
        "suit/time_stop_jojo"
      ],
      "category": "player"
    },
    "uk_anthem": {
      "sounds": [
        "suit/uk_anthem"
      ],
      "category": "player"
    },
    "ameican_anthem": {
      "sounds": [
        "suit/american_anthem"
      ],
      "category": "player"
      },
      "getbackhereshocker": {
        "sounds": [
          "suit/getbackhereshocker"
        ],
        "category": "player"
      },
      "shockeeerrrr": {
        "sounds": [
          "suit/shockeeerrrr"
        ],
        "category": "player"
      },
      "thunder_sound": {
        "sounds": [
          "suit/thunder_sound"
        ],
        "category": "player"
      },
      "angry_beam": {
        "sounds": [
          "suit/angry_beam"
        ],
        "category": "player"
      },
      "hard_landing": {
        "sounds": [
          "suit/hard_landing"
        ],
        "category": "player"
      },
      "cold_breath": {
        "sounds": [
          "suit/cold_breath"
        ],
        "category": "player"
      },
      "sentry_quote": {
      "sounds": [
        "suit/sentry_quote"
      ],
      "category": "player"
    },
    "dante_theme": {
      "sounds": [
        "suit/dante_theme"
      ],
      "category": "player"
    },
    "vergil_theme": {
      "sounds": [
        "suit/vergil_theme"
      ],
      "category": "player"
    },
    "heavy_slash": {
      "sounds": [
        "suit/heavy_slash"
      ],
      "category": "player"
    },
    "ssj_transformation_shallot_dub": {
      "sounds": [
        "suit/ssj_transformation_shallot_dub"
      ],
      "category": "player"
    },
    "ssj_transformation_shallot_sub": {
      "sounds": [
        "suit/ssj_transformation_shallot_sub"
      ],
      "category": "player"
    },
    "wild_cannon_charge_dub": {
      "sounds": [
        "suit/wild_cannon_charge_dub"
      ],
      "category": "player"
    },
    "wild_cannon_shoot_dub": {
      "sounds": [
        "suit/wild_cannon_shoot_dub"
      ],
      "category": "player"
    },
    "wild_cannon_charge_sub": {
      "sounds": [
        "suit/wild_cannon_charge_sub"
      ],
      "category": "player"
    },
    "wild_cannon_shoot_sub": {
      "sounds": [
        "suit/wild_cannon_shoot_sub"
      ],
      "category": "player"
    },
    "aura_disperse": {
      "sounds": [
        "suit/aura_disperse"
      ],
      "category": "player"
    },
    "ssj_aura": {
      "sounds": [
        "suit/ssj_aura"
      ],
      "category": "player"
    },
    "ssg_aura": {
      "sounds": [
        "suit/ssg_aura"
      ],
      "category": "player"
    },
    "ssb_aura": {
      "sounds": [
        "suit/ssb_aura"
      ],
      "category": "player"
    },
    "ssj_aura_burst": {
      "sounds": [
        "suit/ssj_aura_burst"
      ],
      "category": "player"
    },
    "ssg_aura_burst": {
      "sounds": [
        "suit/ssg_aura_burst"
      ],
      "category": "player"
    },
    "kiblast": {
      "sounds": [
        "suit/kiblast"
      ],
      "category": "player"
    },
    "hand": {
      "sounds": [
        "suit/hand"
      ],
      "category": "player"
    },
    "punch": {
      "sounds": [
        "suit/punch1",
        "suit/punch2",
        "suit/punch3",
        "suit/punch4",
        "suit/punch5",
        "suit/punch6"
      ],
      "category": "player"
    },
    "jump": {
      "sounds": [
        "suit/jump1",
        "suit/jump2",
        "suit/jump3"
      ],
      "category": "player"
    },
    "thunderclap": {
      "sounds": [
        "suit/thunderclap"
      ],
      "category": "player"
    }
}