{
  
    "uk_anthem": {
      "sounds": [
        "suit/uk_anthem"
      ],
      "category": "player"
    },
    "ameican_anthem": {
      "sounds": [
        "suit/american_anthem"
      ],
      "category": "player"
    },
    "m4_shoot": {
      "sounds": [
        "suit/m4_shoot"
      ],
      "category": "player"
    },
      "johnny_transformation": {
        "sounds": [
          "suit/johnny_transformation"
        ],
        "category": "player"
      },
      "getbackhereshocker": {
        "sounds": [
          "suit/getbackhereshocker"
        ],
        "category": "player"
      },
      "shockeeerrrr": {
        "sounds": [
          "suit/shockeeerrrr"
        ],
        "category": "player"
      },
      "thunder_sound": {
        "sounds": [
          "suit/thunder_sound"
        ],
        "category": "player"
      },
      "angry_beam": {
        "sounds": [
          "suit/angry_beam"
        ],
        "category": "player"
      },
      "hard_landing": {
        "sounds": [
          "suit/hard_landing"
        ],
        "category": "player"
      },
      "cold_breath": {
        "sounds": [
          "suit/cold_breath"
        ],
        "category": "player"
      },
      "sentry_quote": {
      "sounds": [
        "suit/sentry_quote"
      ],
      "category": "player"
    },
    "dante_theme": {
      "sounds": [
        "suit/dante_theme"
      ],
      "category": "player"
    },
    "vergil_theme": {
      "sounds": [
        "suit/vergil_theme"
      ],
      "category": "player"
    },
    "heavy_slash": {
      "sounds": [
        "suit/heavy_slash"
      ],
      "category": "player"
    },
    "ssj_transformation_shallot_dub": {
      "sounds": [
        "suit/ssj_transformation_shallot_dub"
      ],
      "category": "player"
    },
    "ssj_transformation_shallot_sub": {
      "sounds": [
        "suit/ssj_transformation_shallot_sub"
      ],
      "category": "player"
    },
    "wild_cannon_charge_dub": {
      "sounds": [
        "suit/wild_cannon_charge_dub"
      ],
      "category": "player"
    },
    "wild_cannon_shoot_dub": {
      "sounds": [
        "suit/wild_cannon_shoot_dub"
      ],
      "category": "player"
    },
    "wild_cannon_charge_sub": {
      "sounds": [
        "suit/wild_cannon_charge_sub"
      ],
      "category": "player"
    },
    "wild_cannon_shoot_sub": {
      "sounds": [
        "suit/wild_cannon_shoot_sub"
      ],
      "category": "player"
    },
    "aura_disperse": {
      "sounds": [
        "suit/aura_disperse"
      ],
      "category": "player"
    },
    "ssj_aura": {
      "sounds": [
        "suit/ssj_aura"
      ],
      "category": "player"
    },
    "ssg_aura": {
      "sounds": [
        "suit/ssg_aura"
      ],
      "category": "player"
    },
    "ssb_aura": {
      "sounds": [
        "suit/ssb_aura"
      ],
      "category": "player"
    },
    "ssj_aura_burst": {
      "sounds": [
        "suit/ssj_aura_burst"
      ],
      "category": "player"
    },
    "ssg_aura_burst": {
      "sounds": [
        "suit/ssg_aura_burst"
      ],
      "category": "player"
    },
    "kiblast": {
      "sounds": [
        "suit/kiblast"
      ],
      "category": "player"
    },
    "hand": {
      "sounds": [
        "suit/hand"
      ],
      "category": "player"
    },
    "punch": {
      "sounds": [
        "suit/punch1",
        "suit/punch2",
        "suit/punch3",
        "suit/punch4",
        "suit/punch5",
        "suit/punch6"
      ],
      "category": "player"
    },
    "jump": {
      "sounds": [
        "suit/jump1",
        "suit/jump2",
        "suit/jump3"
      ],
      "category": "player"
    },
    "thunderclap": {
      "sounds": [
        "suit/thunderclap"
      ],
      "category": "player"
    }
  }